0,12,11,Followed Profile,2023-02-05 02:00:59
1,15,19,Followed Profile,2010-07-25 20:51:04
2,13,6,Left a Comment,2007-06-21 14:54:45
3,16,1,Followed Profile,2007-10-19 05:56:36
4,9,7,Shared Post,2024-11-07 01:53:38
5,11,16,Liked Post,2011-07-05 10:38:48
6,16,1,Liked Post,2021-01-02 05:42:41
7,19,4,Shared Post,2016-04-16 06:10:50
8,5,10,Viewed Profile,2023-03-26 12:31:03
9,13,11,Left a Comment,2005-03-18 12:49:43
10,9,11,Viewed Profile,2022-09-09 14:39:29
11,18,17,Left a Comment,2024-07-22 13:05:28
12,4,6,Viewed Profile,2023-06-25 20:10:31
13,11,18,Liked Post,2020-04-06 14:29:21
14,6,0,Followed Profile,2014-07-03 12:52:39
15,19,9,Followed Profile,2010-11-02 16:50:36
16,8,0,Viewed Profile,2020-04-28 21:41:41
17,10,18,Left a Comment,2019-01-05 17:38:52
18,0,3,Viewed Profile,2012-09-27 03:48:54
19,10,14,Shared Post,2019-02-27 13:46:21
20,11,5,Liked Post,2017-09-08 13:15:52
21,15,2,Liked Post,2021-11-16 01:51:32
22,5,3,Viewed Profile,2017-11-12 10:54:57
23,8,5,Followed Profile,2015-07-23 23:04:43
24,4,11,Left a Comment,2004-10-27 06:57:25
25,11,5,Viewed Profile,2024-09-07 13:09:07
26,9,15,Viewed Profile,2014-07-09 21:47:43
27,11,19,Viewed Profile,2006-12-14 11:27:54
28,0,5,Liked Post,2017-10-16 02:46:37
29,1,14,Shared Post,2004-12-27 15:22:09
30,0,18,Followed Profile,2015-03-08 09:47:18
31,11,14,Liked Post,2009-03-13 00:05:08
32,12,2,Left a Comment,2005-09-28 07:44:24
33,5,19,Left a Comment,2021-11-05 15:40:21
34,13,14,Followed Profile,2023-09-17 14:01:15
35,15,5,Liked Post,2006-07-19 11:31:08
36,7,9,Viewed Profile,2024-08-05 03:00:08
37,15,11,Left a Comment,2006-11-05 23:41:20
38,15,9,Shared Post,2023-10-15 07:17:27
39,4,16,Viewed Profile,2006-07-20 23:11:36
40,3,9,Viewed Profile,2014-12-02 07:59:46
41,18,11,Followed Profile,2004-08-27 09:09:30
42,12,11,Viewed Profile,2020-05-18 23:44:06
43,14,18,Liked Post,2013-10-24 15:48:13
44,18,11,Viewed Profile,2013-01-10 23:57:30
45,7,11,Left a Comment,2008-08-25 03:15:17
46,10,19,Shared Post,2020-01-25 22:18:14
47,19,16,Liked Post,2017-02-03 11:22:10
48,3,12,Followed Profile,2004-03-09 13:46:58
49,13,9,Followed Profile,2012-01-19 14:15:43
